{"lr": [1e-05, 0.07143785714285714, 0.1428657142857143, 0.21429357142857144, 0.28572142857142857, 0.3571492857142857, 0.4285771428571429, 0.500005, 0.5714328571428571, 0.6428607142857143, 0.7142885714285714, 0.7857164285714285, 0.8571442857142857, 0.9285721428571428, 1.0], "loss": [4.0247233612333675, 5.10298290751961, 8.380766540888391, 13.080241328776564, 14.327102822855192, 17.184053795329117, 21.887760793227393, 24.007051496038805, 26.042798291139114, 26.494496646327683, 25.211580649146274, 27.443324290664666, 30.650021228160046, 29.863155147443535, 34.86533613356022]}