{"lr": [1e-05, 0.020417959183673468, 0.04082591836734694, 0.061233877551020416, 0.08164183673469387, 0.10204979591836735, 0.12245775510204082, 0.1428657142857143, 0.16327367346938776, 0.18368163265306126, 0.20408959183673472, 0.2244975510204082, 0.24490551020408166, 0.26531346938775513, 0.28572142857142857, 0.30612938775510207, 0.3265373469387755, 0.346945306122449, 0.3673532653061225, 0.38776122448979594, 0.40816918367346944, 0.4285771428571429, 0.4489851020408164, 0.46939306122448987, 0.4898010204081633, 0.5102089795918368, 0.5306169387755102, 0.5510248979591836, 0.5714328571428571, 0.5918408163265306, 0.6122487755102041, 0.6326567346938776, 0.653064693877551, 0.6734726530612244, 0.6938806122448979, 0.7142885714285714, 0.7346965306122449, 0.7551044897959183, 0.7755124489795918, 0.7959204081632653], "loss": [4.145695913854693, 4.244846410988126, 4.713618349341606, 4.556643846501065, 4.949410616876289, 5.527723279700451, 5.568980884549457, 5.7683720743308635, 5.631997040097085, 7.09635522435976, 8.192666397660222, 8.70728407618305, 8.610464509092221, 8.254466089966307, 9.745824644157642, 11.418031840050237, 11.241133728432741, 13.601863432418288, 17.16114837863816, 20.538551711495458, 22.44836241972238, 21.756738423445544, 22.64013653535349, 24.154153189894622, 24.559139774920347, 24.477665272343685, 23.596120923002996, 24.00318143516441, 24.233695294738098, 26.073355837905577, 30.646062233590033, 34.0118488991603, 33.3317829376948, 36.40692637647449, 40.27184930430976, 41.10013616123617, 40.26113782224584, 39.06838235555271, 39.99112218782085, 42.567111891047645]}